{"IcoMoonType":"selection","icons":[],"height":1024,"metadata":{"name":"icomoon"},"preferences":{"showGlyphs":true,"showCodes":true,"showQuickUse":true,"showQuickUse2":true,"showSVGs":true,"fontPref":{"prefix":"icon-","metadata":{"fontFamily":"icomoon"},"metrics":{"emSize":1024,"baseline":6.25,"whitespace":50},"embed":false,"autoHost":true},"imagePref":{"prefix":"icon-","png":true,"useClassSelector":true,"color":0,"bgColor":16777215},"historySize":50,"quickUsageToken":{"GoITeens":"MzA1MGI1MTYzZDA4MjJhMDI0ZTZhMzk0M2NkMTdmZTgjMSMxNjYyODAwMTcyIyMjZWVlOTJmY2VmN2Zm"}}}